Student_ID,Target
2701,Dropout
1142,Dropout
3538,Dropout
3000,Dropout
476,Dropout
4270,Dropout
3812,Dropout
2756,Dropout
478,Dropout
4127,Dropout
3222,Dropout
2426,Dropout
761,Dropout
2932,Dropout
1658,Dropout
1567,Dropout
2840,Dropout
2973,Dropout
2081,Dropout
460,Dropout
1707,Dropout
909,Dropout
2402,Dropout
810,Dropout
4332,Dropout
1568,Dropout
1188,Dropout
1900,Dropout
349,Dropout
3724,Dropout
3448,Dropout
1150,Dropout
4324,Dropout
2133,Dropout
4408,Dropout
4051,Dropout
2383,Dropout
2745,Dropout
78,Dropout
2538,Dropout
1148,Dropout
591,Dropout
738,Dropout
332,Dropout
1413,Dropout
480,Dropout
2566,Dropout
2524,Dropout
1756,Dropout
2164,Dropout
1020,Dropout
1443,Dropout
1818,Dropout
1773,Dropout
2293,Dropout
3446,Dropout
2182,Dropout
2616,Dropout
3400,Dropout
3981,Dropout
2347,Dropout
1349,Dropout
261,Dropout
1643,Dropout
504,Dropout
597,Dropout
4166,Dropout
1303,Dropout
3529,Dropout
3124,Dropout
4176,Dropout
2607,Dropout
2205,Dropout
1166,Dropout
1158,Dropout
1122,Dropout
2497,Dropout
556,Dropout
1442,Dropout
4094,Dropout
708,Dropout
1853,Dropout
2769,Dropout
1531,Dropout
1966,Dropout
2003,Dropout
2443,Dropout
274,Dropout
267,Dropout
1901,Dropout
4041,Dropout
4206,Dropout
2401,Dropout
4035,Dropout
275,Dropout
3860,Dropout
2419,Dropout
2368,Dropout
1718,Dropout
911,Dropout
3293,Dropout
1678,Dropout
4089,Dropout
704,Dropout
4185,Dropout
677,Dropout
743,Dropout
1739,Dropout
2296,Dropout
652,Dropout
1322,Dropout
4024,Dropout
3496,Dropout
234,Dropout
3322,Dropout
3071,Dropout
3020,Dropout
3304,Dropout
1013,Dropout
3861,Dropout
493,Dropout
3137,Dropout
125,Dropout
974,Dropout
3216,Dropout
3375,Dropout
1867,Dropout
368,Dropout
3302,Dropout
1167,Dropout
1985,Dropout
4254,Dropout
421,Dropout
2507,Dropout
35,Dropout
1942,Dropout
4007,Dropout
751,Dropout
3424,Dropout
811,Dropout
3901,Dropout
4000,Dropout
3972,Dropout
2555,Dropout
3237,Dropout
2461,Dropout
352,Dropout
1569,Dropout
2802,Dropout
3551,Dropout
1815,Dropout
3,Dropout
1092,Dropout
903,Dropout
2290,Dropout
4136,Dropout
2617,Dropout
3938,Dropout
1938,Dropout
1076,Dropout
2610,Dropout
1994,Dropout
3643,Dropout
357,Dropout
3765,Dropout
109,Dropout
1123,Dropout
2588,Dropout
2979,Dropout
3476,Dropout
3563,Dropout
1379,Dropout
3576,Dropout
4042,Dropout
2083,Dropout
13,Dropout
1511,Dropout
3282,Dropout
2465,Dropout
4205,Dropout
989,Dropout
1959,Dropout
814,Dropout
99,Dropout
4129,Dropout
702,Dropout
4178,Dropout
4387,Dropout
1419,Dropout
3984,Dropout
1181,Dropout
4239,Dropout
2844,Dropout
3599,Dropout
3704,Dropout
3800,Dropout
1360,Dropout
249,Dropout
3235,Dropout
518,Dropout
2953,Dropout
4273,Dropout
4321,Dropout
2114,Dropout
2174,Dropout
4322,Dropout
2761,Dropout
3364,Dropout
1093,Dropout
1693,Dropout
2127,Dropout
3556,Dropout
4130,Dropout
3157,Dropout
4236,Dropout
868,Dropout
3397,Dropout
3834,Dropout
2021,Dropout
548,Dropout
3231,Dropout
2418,Dropout
1798,Dropout
3227,Dropout
3159,Dropout
374,Dropout
881,Dropout
2025,Dropout
1616,Dropout
2186,Dropout
2160,Dropout
2187,Dropout
552,Dropout
1595,Dropout
1852,Dropout
3362,Dropout
422,Dropout
792,Dropout
3896,Dropout
1729,Dropout
1835,Dropout
793,Dropout
3570,Dropout
3035,Dropout
4027,Dropout
1313,Dropout
1854,Dropout
3573,Dropout
973,Dropout
3892,Dropout
364,Dropout
2469,Dropout
4260,Dropout
1975,Dropout
2387,Dropout
3339,Dropout
2282,Dropout
1723,Dropout
1098,Dropout
2599,Dropout
3018,Dropout
2135,Dropout
3524,Dropout
348,Dropout
863,Dropout
3281,Dropout
2054,Dropout
3593,Dropout
1439,Dropout
2551,Dropout
3039,Dropout
2582,Dropout
1838,Dropout
3156,Dropout
2462,Dropout
4021,Dropout
2212,Dropout
3740,Dropout
571,Dropout
32,Dropout
2710,Dropout
1214,Dropout
4086,Dropout
2905,Dropout
3443,Dropout
365,Dropout
3090,Dropout
1042,Dropout
4276,Dropout
1473,Dropout
2067,Dropout
3737,Dropout
1010,Dropout
2997,Dropout
2929,Dropout
1859,Dropout
2001,Dropout
1689,Dropout
2869,Dropout
4209,Dropout
1315,Dropout
1802,Dropout
3686,Dropout
2266,Dropout
1011,Dropout
1934,Dropout
3987,Dropout
2124,Dropout
231,Dropout
1974,Dropout
1436,Dropout
1937,Dropout
1734,Dropout
3889,Dropout
2311,Dropout
1810,Dropout
4315,Dropout
4023,Dropout
3884,Dropout
796,Dropout
1946,Dropout
2272,Dropout
3650,Dropout
2852,Dropout
2341,Dropout
3611,Dropout
2688,Dropout
1876,Dropout
434,Dropout
2249,Dropout
1948,Dropout
3948,Dropout
4150,Dropout
3835,Dropout
2191,Dropout
414,Dropout
2038,Dropout
4247,Dropout
4181,Dropout
1417,Dropout
2794,Dropout
4345,Dropout
638,Dropout
279,Dropout
4311,Dropout
2147,Dropout
2654,Dropout
475,Dropout
3212,Dropout
4419,Dropout
2314,Dropout
1213,Dropout
1873,Dropout
1642,Dropout
362,Dropout
3878,Dropout
2261,Dropout
1644,Dropout
4083,Dropout
53,Dropout
2468,Dropout
2480,Dropout
3639,Dropout
2441,Dropout
351,Dropout
3535,Dropout
572,Dropout
3046,Dropout
2881,Dropout
202,Dropout
1559,Dropout
1206,Dropout
3315,Dropout
1012,Dropout
3946,Dropout
2318,Dropout
215,Dropout
3291,Dropout
27,Dropout
1704,Dropout
1336,Dropout
2849,Dropout
986,Dropout
3829,Dropout
3910,Dropout
1384,Dropout
4248,Dropout
55,Dropout
3815,Dropout
2857,Dropout
2454,Dropout
192,Dropout
2214,Dropout
1472,Dropout
2680,Dropout
336,Dropout
2287,Dropout
581,Dropout
1524,Dropout
3242,Dropout
1692,Dropout
310,Dropout
2440,Dropout
1347,Dropout
839,Dropout
3213,Dropout
1837,Dropout
1786,Dropout
2340,Dropout
296,Dropout
1211,Dropout
1269,Dropout
3305,Dropout
866,Dropout
2683,Dropout
3269,Dropout
3634,Dropout
872,Dropout
227,Dropout
2805,Dropout
3832,Dropout
929,Dropout
3816,Dropout
3844,Dropout
1797,Dropout
3396,Dropout
486,Dropout
1697,Dropout
2737,Dropout
838,Dropout
1251,Dropout
4348,Dropout
1751,Dropout
177,Dropout
3398,Dropout
3115,Dropout
301,Dropout
4421,Dropout
4351,Dropout
424,Dropout
3562,Dropout
1398,Dropout
1007,Dropout
3676,Dropout
744,Dropout
4417,Dropout
4413,Dropout
970,Dropout
3251,Dropout
1458,Dropout
3918,Dropout
1955,Dropout
3926,Dropout
4307,Dropout
2292,Dropout
3777,Dropout
1070,Dropout
2749,Dropout
963,Dropout
1088,Dropout
3677,Dropout
1847,Dropout
3060,Dropout
50,Dropout
3230,Dropout
3824,Dropout
4279,Dropout
3554,Dropout
807,Dropout
3642,Dropout
2197,Dropout
808,Dropout
2578,Dropout
3508,Dropout
39,Dropout
3106,Dropout
1003,Dropout
3459,Dropout
3648,Dropout
1140,Dropout
3466,Dropout
1172,Dropout
3519,Dropout
1209,Dropout
3951,Dropout
1940,Dropout
780,Dropout
2065,Dropout
2297,Dropout
996,Dropout
3565,Dropout
612,Dropout
3253,Dropout
3731,Dropout
745,Dropout
246,Dropout
4025,Dropout
1532,Dropout
2687,Dropout
739,Dropout
3395,Dropout
355,Dropout
2348,Dropout
2767,Dropout
4013,Dropout
735,Dropout
3288,Dropout
1673,Dropout
2812,Dropout
442,Dropout
3937,Dropout
4340,Dropout
4317,Dropout
2122,Dropout
503,Dropout
4196,Dropout
3734,Dropout
782,Dropout
3083,Dropout
3930,Dropout
3613,Dropout
3358,Dropout
4287,Dropout
2963,Dropout
3640,Dropout
1546,Dropout
2552,Dropout
1600,Dropout
3754,Dropout
3277,Dropout
1423,Dropout
86,Dropout
75,Dropout
670,Dropout
3241,Dropout
483,Dropout
2679,Dropout
2606,Dropout
714,Dropout
3825,Dropout
2291,Dropout
290,Dropout
3412,Dropout
217,Dropout
2404,Dropout
431,Dropout
1046,Dropout
3298,Dropout
537,Dropout
2640,Dropout
653,Dropout
3578,Dropout
1455,Dropout
2204,Dropout
1657,Dropout
1790,Dropout
4182,Dropout
3582,Dropout
3571,Dropout
892,Dropout
992,Dropout
2847,Dropout
3849,Dropout
3784,Dropout
3394,Dropout
3903,Dropout
3239,Dropout
3822,Dropout
2019,Dropout
154,Dropout
294,Dropout
2568,Dropout
2783,Dropout
2330,Dropout
1111,Dropout
2753,Dropout
2352,Dropout
2162,Dropout
3720,Dropout
77,Dropout
2601,Dropout
4214,Dropout
3605,Dropout
4366,Dropout
1978,Dropout
2047,Dropout
2575,Dropout
2801,Dropout
458,Dropout
3131,Dropout
555,Dropout
3626,Dropout
2245,Dropout
2070,Dropout
1762,Dropout
1396,Dropout
292,Dropout
783,Dropout
619,Dropout
1464,Dropout
31,Dropout
1401,Dropout
4312,Dropout
1664,Dropout
334,Dropout
2726,Dropout
1071,Dropout
1539,Dropout
3439,Dropout
1486,Dropout
599,Dropout
1426,Dropout
681,Dropout
632,Dropout
4385,Dropout
1130,Dropout
157,Dropout
2549,Dropout
4022,Dropout
2198,Dropout
19,Dropout
3558,Dropout
167,Dropout
1277,Dropout
2118,Dropout
1101,Dropout
2134,Dropout
1749,Dropout
2429,Dropout
3898,Dropout
3286,Dropout
58,Dropout
2860,Dropout
2260,Dropout
2618,Dropout
1316,Dropout
779,Dropout
415,Dropout
2943,Dropout
2937,Dropout
731,Dropout
2145,Dropout
3600,Dropout
778,Dropout
1615,Dropout
1257,Dropout
1812,Dropout
2432,Dropout
3862,Dropout
943,Dropout
3238,Dropout
1675,Dropout
1096,Dropout
3463,Dropout
206,Dropout
1045,Dropout
1411,Dropout
4015,Dropout
4049,Dropout
1598,Dropout
3502,Dropout
1014,Dropout
1503,Dropout
1424,Dropout
3859,Dropout
1225,Dropout
624,Dropout
4019,Dropout
837,Dropout
102,Dropout
3848,Dropout
1607,Dropout
655,Dropout
2493,Dropout
197,Dropout
1845,Dropout
3654,Dropout
2476,Dropout
2406,Dropout
388,Dropout
1344,Dropout
1392,Dropout
1761,Dropout
1366,Dropout
906,Dropout
4318,Dropout
956,Dropout
2108,Dropout
2838,Dropout
2050,Dropout
821,Dropout
566,Dropout
928,Dropout
2199,Dropout
57,Dropout
3588,Dropout
38,Dropout
2055,Dropout
2856,Dropout
3477,Dropout
4056,Dropout
3003,Dropout
139,Dropout
2049,Dropout
3767,Dropout
746,Dropout
1389,Dropout
663,Dropout
3679,Dropout
1429,Dropout
3525,Dropout
2792,Dropout
3098,Dropout
2516,Dropout
1746,Dropout
601,Dropout
3095,Dropout
3215,Dropout
683,Dropout
630,Dropout
2880,Dropout
2862,Dropout
3763,Dropout
218,Dropout
98,Dropout
3998,Dropout
85,Dropout
1153,Dropout
2829,Dropout
1883,Dropout
3214,Dropout
722,Dropout
2778,Dropout
1874,Dropout
1920,Dropout
3166,Dropout
2825,Dropout
844,Dropout
2033,Dropout
771,Dropout
1857,Dropout
1339,Dropout
1583,Dropout
3268,Dropout
3960,Dropout
2776,Dropout
3968,Dropout
42,Dropout
3725,Dropout
297,Dropout
1198,Dropout
4179,Dropout
2331,Dropout
3621,Dropout
926,Dropout
923,Dropout
2247,Dropout
2321,Dropout
2179,Dropout
1823,Dropout
3327,Dropout
967,Dropout
4342,Dropout
1561,Dropout
4082,Dropout
115,Dropout
978,Dropout
2658,Dropout
1830,Dropout
886,Dropout
1405,Dropout
2036,Dropout
2700,Dropout
2750,Dropout
3104,Dropout
2659,Dropout
3876,Dropout
4199,Dropout
419,Dropout
1725,Dropout
4016,Dropout
209,Dropout
485,Dropout
1687,Dropout
3223,Dropout
1925,Dropout
2138,Dropout
2398,Dropout
2611,Dropout
3350,Dropout
4140,Dropout
729,Dropout
1922,Dropout
4403,Dropout
1055,Dropout
3445,Dropout
2732,Dropout
430,Dropout
1192,Dropout
2041,Dropout
1054,Dropout
1737,Dropout
1788,Dropout
4119,Dropout
4231,Dropout
3867,Dropout
2092,Dropout
1039,Dropout
1801,Dropout
1272,Dropout
692,Dropout
2714,Dropout
800,Dropout
161,Dropout
151,Dropout
511,Dropout
22,Dropout
3059,Dropout
2374,Dropout
2500,Dropout
592,Dropout
1182,Dropout
1171,Dropout
3668,Dropout
2137,Dropout
2190,Dropout
512,Dropout
760,Dropout
3246,Dropout
3014,Dropout
2690,Dropout
2075,Dropout
1337,Dropout
4218,Dropout
2807,Dropout
3685,Dropout
1087,Dropout
3924,Dropout
2283,Dropout
777,Dropout
1154,Dropout
3380,Dropout
3886,Dropout
3488,Dropout
3733,Dropout
1844,Dropout
870,Dropout
3458,Dropout
622,Dropout
2771,Dropout
1334,Dropout
3994,Dropout
3550,Dropout
1164,Dropout
3928,Dropout
3313,Dropout
187,Dropout
3628,Dropout
2029,Dropout
90,Dropout
169,Dropout
3221,Dropout
2485,Dropout
3390,Dropout
1145,Dropout
2716,Dropout
648,Dropout
4069,Dropout
3655,Dropout
183,Dropout
459,Dropout
3414,Dropout
2620,Dropout
1361,Dropout
3472,Dropout
3453,Dropout
370,Dropout
409,Dropout
4210,Dropout
1552,Dropout
2248,Dropout
855,Dropout
1556,Dropout
2790,Dropout
1649,Dropout
840,Dropout
76,Dropout
59,Dropout
1289,Dropout
3089,Dropout
2210,Dropout
417,Dropout
2928,Dropout
3945,Dropout
371,Dropout
1348,Dropout
1551,Dropout
2644,Dropout
4328,Dropout
3920,Dropout
2835,Dropout
3591,Dropout
257,Dropout
3133,Dropout
4222,Dropout
96,Dropout
1159,Dropout
3182,Dropout
3973,Dropout
1432,Dropout
385,Dropout
2473,Dropout
3589,Dropout
1626,Dropout
1080,Dropout
922,Dropout
3416,Dropout
363,Dropout
1512,Dropout
3739,Dropout
2677,Dropout
3622,Dropout
3909,Dropout
1124,Dropout
3077,Dropout
4397,Dropout
1612,Dropout
3698,Dropout
3393,Dropout
665,Dropout
1265,Dropout
4038,Dropout
1816,Dropout
2434,Dropout
1863,Dropout
920,Dropout
1002,Dropout
2414,Dropout
1775,Dropout
1267,Dropout
697,Dropout
2505,Dropout
2400,Dropout
1018,Dropout
2229,Dropout
1280,Dropout
3647,Dropout
2665,Dropout
3956,Dropout
178,Dropout
2707,Dropout
962,Dropout
4120,Dropout
2983,Dropout
3357,Dropout
3440,Dropout
3422,Dropout
216,Dropout
4326,Dropout
3403,Dropout
2063,Dropout
3964,Dropout
674,Dropout
3295,Dropout
74,Dropout
134,Dropout
1917,Dropout
2673,Dropout
1728,Dropout
3016,Dropout
3922,Dropout
2839,Dropout
508,Dropout
724,Dropout
2608,Dropout
1108,Dropout
3129,Dropout
2804,Dropout
2813,Dropout
3883,Dropout
4377,Dropout
3715,Dropout
4313,Dropout
145,Dropout
1114,Dropout
2295,Dropout
66,Dropout
1006,Dropout
2413,Dropout
2544,Dropout
3645,Dropout
2925,Dropout
3933,Dropout
1860,Dropout
907,Dropout
1578,Dropout
1735,Dropout
850,Dropout
4014,Dropout
2723,Dropout
3195,Dropout
3300,Dropout
2073,Dropout
3031,Dropout
291,Dropout
4011,Dropout
3209,Dropout
1250,Dropout
2666,Dropout
3081,Dropout
1684,Dropout
4323,Dropout
3368,Dropout
4191,Dropout
344,Dropout
4078,Dropout
3100,Dropout
816,Dropout
3434,Dropout
1861,Dropout
1351,Dropout
2369,Dropout
2447,Dropout
4335,Dropout
2192,Dropout
1168,Dropout
3797,Dropout
1814,Dropout
1635,Dropout
1803,Dropout
3787,Dropout
2969,Dropout
3979,Dropout
1107,Dropout
1032,Dropout
3309,Dropout
4190,Dropout
2816,Dropout
287,Dropout
464,Dropout
3609,Dropout
2207,Dropout
2112,Dropout
1638,Dropout
4162,Dropout
3105,Dropout
2085,Dropout
2782,Dropout
2233,Dropout
190,Dropout
2408,Dropout
3135,Dropout
2397,Dropout
2717,Dropout
1507,Dropout
1623,Dropout
3151,Dropout
1740,Dropout
2727,Dropout
1902,Dropout
3272,Dropout
2556,Dropout
1893,Dropout
1571,Dropout
3179,Dropout
168,Dropout
3785,Dropout
3352,Dropout
4292,Dropout
3204,Dropout
3481,Dropout
3927,Dropout
3004,Dropout
4063,Dropout
2940,Dropout
3101,Dropout
2594,Dropout
2158,Dropout
2323,Dropout
1624,Dropout
1677,Dropout
1560,Dropout
2887,Dropout
356,Dropout
4195,Dropout
4004,Dropout
1894,Dropout
3210,Dropout
3264,Dropout
3326,Dropout
1204,Dropout
951,Dropout
3646,Dropout
4003,Dropout
568,Dropout
3544,Dropout
2920,Dropout
1811,Dropout
4374,Dropout
500,Dropout
443,Dropout
2990,Dropout
4167,Dropout
3722,Dropout
1350,Dropout
1784,Dropout
4221,Dropout
541,Dropout
2399,Dropout
71,Dropout
4228,Dropout
3276,Dropout
3381,Dropout
447,Dropout
2902,Dropout
937,Dropout
200,Dropout
2874,Dropout
3094,Dropout
1469,Dropout
1982,Dropout
1988,Dropout
4052,Dropout
1069,Dropout
3741,Dropout
2144,Dropout
4045,Dropout
1670,Dropout
3897,Dropout
4128,Dropout
3890,Dropout
243,Dropout
1676,Dropout
1120,Dropout
3779,Dropout
853,Dropout
3606,Dropout
3641,Dropout
1744,Dropout
123,Dropout
689,Dropout
1249,Dropout
4170,Dropout
1757,Dropout
733,Dropout
2508,Dropout
2221,Dropout
642,Dropout
289,Dropout
1910,Dropout
309,Dropout
1519,Dropout
81,Dropout
668,Dropout
3173,Dropout
1021,Dropout
2193,Dropout
2576,Dropout
2692,Dropout
4277,Dropout
894,Dropout
3099,Dropout
1437,Dropout
253,Dropout
3936,Dropout
471,Dropout
4414,Dropout
1409,Dropout
2711,Dropout
93,Dropout
2876,Dropout
3735,Dropout
3335,Dropout
918,Dropout
4372,Dropout
3638,Dropout
3873,Dropout
3838,Dropout
1777,Dropout
1151,Dropout
4393,Dropout
2725,Dropout
2597,Dropout
1440,Dropout
1406,Dropout
3996,Dropout
3971,Dropout
3700,Dropout
384,Dropout
2298,Dropout
3935,Dropout
2565,Dropout
3931,Dropout
259,Dropout
432,Dropout
2691,Dropout
2106,Dropout
1659,Dropout
1736,Dropout
2966,Dropout
3853,Dropout
563,Dropout
3191,Dropout
2254,Dropout
3249,Dropout
1562,Dropout
1200,Dropout
1970,Dropout
1885,Dropout
3190,Dropout
1619,Dropout
1402,Dropout
4225,Dropout
3175,Dropout
4113,Dropout
3409,Dropout
4174,Dropout
3184,Dropout
4084,Dropout
2107,Dropout
891,Dropout
69,Dropout
1345,Dropout
3260,Dropout
324,Dropout
331,Dropout
1297,Dropout
634,Dropout
797,Dropout
550,Dropout
3310,Dropout
774,Dropout
732,Dropout
3172,Dropout
2910,Dropout
1750,Dropout
2234,Dropout
1207,Dropout
3250,Dropout
2046,Dropout
4268,Dropout
977,Dropout
567,Dropout
451,Dropout
3919,Dropout
3590,Dropout
3955,Dropout
4151,Dropout
4416,Dropout
3351,Dropout
831,Dropout
1592,Dropout
618,Dropout
4132,Dropout
2569,Dropout
404,Dropout
1969,Dropout
3030,Dropout
678,Dropout
706,Dropout
2165,Dropout
3160,Dropout
1399,Dropout
4171,Dropout
3680,Dropout
1732,Dropout
1407,Dropout
4033,Dropout
1573,Dropout
3285,Dropout
3798,Dropout
1381,Dropout
1136,Dropout
700,Dropout
1057,Dropout
1541,Dropout
1052,Dropout
709,Dropout
2237,Dropout
3122,Dropout
2635,Dropout
1865,Dropout
2842,Dropout
1760,Dropout
2815,Dropout
684,Dropout
1509,Dropout
2974,Dropout
2577,Dropout
4359,Dropout
1829,Dropout
1821,Dropout
3907,Dropout
2991,Dropout
2948,Dropout
633,Dropout
1376,Dropout
1733,Dropout
316,Dropout
3483,Dropout
2968,Dropout
3132,Dropout
2223,Dropout
1957,Dropout
4353,Dropout
2206,Dropout
3097,Dropout
3145,Dropout
659,Dropout
3943,Dropout
1534,Dropout
1614,Dropout
2871,Dropout
393,Dropout
3111,Dropout
149,Dropout
2939,Dropout
4109,Dropout
465,Dropout
4034,Dropout
598,Dropout
1681,Dropout
3275,Dropout
3581,Dropout
940,Dropout
245,Dropout
4062,Dropout
748,Dropout
